<?xml version="1.0" encoding="utf-8" ?>
<dwsync>
<file name="about.png" server="claimroe.com//httpdocs/" local="131317587760000000" remote="131359266600000000" Dst="2" />
<file name="blog.png" server="claimroe.com//httpdocs/" local="131317589780000000" remote="131359266600000000" Dst="2" />
<file name="calendar.png" server="claimroe.com//httpdocs/" local="131317589700000000" remote="131359266600000000" Dst="2" />
<file name="cart.png" server="claimroe.com//httpdocs/" local="131317589620000000" remote="131359266600000000" Dst="2" />
<file name="clients.png" server="claimroe.com//httpdocs/" local="131317589560000000" remote="131359266600000000" Dst="2" />
<file name="code.png" server="claimroe.com//httpdocs/" local="131317589480000000" remote="131359266600000000" Dst="2" />
<file name="contact.png" server="claimroe.com//httpdocs/" local="131317589400000000" remote="131359266600000000" Dst="2" />
<file name="docs.png" server="claimroe.com//httpdocs/" local="131317589340000000" remote="131359266600000000" Dst="2" />
<file name="home.png" server="claimroe.com//httpdocs/" local="131317589280000000" remote="131359266600000000" Dst="2" />
<file name="law.png" server="claimroe.com//httpdocs/" local="131317589220000000" remote="131359266600000000" Dst="2" />
<file name="layout.png" server="claimroe.com//httpdocs/" local="131317589120000000" remote="131359266600000000" Dst="2" />
<file name="light.png" server="claimroe.com//httpdocs/" local="131317589060000000" remote="131359266600000000" Dst="2" />
<file name="map_pin.png" server="claimroe.com//httpdocs/" local="131317589000000000" remote="131359266600000000" Dst="2" />
<file name="menu.png" server="claimroe.com//httpdocs/" local="131317588920000000" remote="131359266600000000" Dst="2" />
<file name="pencil.png" server="claimroe.com//httpdocs/" local="131317588860000000" remote="131359266600000000" Dst="2" />
<file name="phone.png" server="claimroe.com//httpdocs/" local="131317588800000000" remote="131359266600000000" Dst="2" />
<file name="photos.png" server="claimroe.com//httpdocs/" local="131317588740000000" remote="131359266600000000" Dst="2" />
<file name="security.png" server="claimroe.com//httpdocs/" local="131317588660000000" remote="131359266600000000" Dst="2" />
<file name="services.png" server="claimroe.com//httpdocs/" local="131317588600000000" remote="131359266600000000" Dst="2" />
<file name="stats.png" server="claimroe.com//httpdocs/" local="131317588540000000" remote="131359266600000000" Dst="2" />
<file name="tools.png" server="claimroe.com//httpdocs/" local="131317588460000000" remote="131359266600000000" Dst="2" />
<file name="top.png" server="claimroe.com//httpdocs/" local="131317588400000000" remote="131359266600000000" Dst="2" />
<file name="travel.png" server="claimroe.com//httpdocs/" local="131317588320000000" remote="131359266600000000" Dst="2" />
<file name="twitter.png" server="claimroe.com//httpdocs/" local="131317588260000000" remote="131359266600000000" Dst="2" />
<file name="videos.png" server="claimroe.com//httpdocs/" local="131317588200000000" remote="131359266600000000" Dst="2" />
</dwsync>