<?xml version="1.0" encoding="utf-8" ?>
<dwsync>
<file name="bullet_cross.png" server="claimroe.com//httpdocs/" local="131359125723985937" remote="131359264200000000" Dst="2" />
<file name="bullet_checked.png" server="claimroe.com//httpdocs/" local="131359125723895936" remote="131359264200000000" Dst="2" />
<file name="bullet_cross_big.png" server="claimroe.com//httpdocs/" local="131359125724085944" remote="131359264200000000" Dst="2" />
<file name="bullet_cross_big_close.png" server="claimroe.com//httpdocs/" local="131359125724155948" remote="131359264200000000" Dst="2" />
<file name="bullet_cross_white.png" server="claimroe.com//httpdocs/" local="131359125724255946" remote="131359264200000000" Dst="2" />
<file name="comments.png" server="claimroe.com//httpdocs/" local="131359125724345957" remote="131359264200000000" Dst="2" />
<file name="logo.png" server="claimroe.com//httpdocs/" local="131359125724415964" remote="131359264200000000" Dst="2" />
<file name="Thumbs.db" server="claimroe.com//httpdocs/" local="131359125724485971" remote="131359264200000000" Dst="2" />
<file name="toggle.png" server="claimroe.com//httpdocs/" local="131359125724585969" remote="131359264200000000" Dst="2" />
<file name="toggle_blog.png" server="claimroe.com//httpdocs/" local="131359125724675979" remote="131359264200000000" Dst="2" />
</dwsync>