<?xml version="1.0" encoding="utf-8" ?>
<dwsync>
<file name="digg.png" server="claimroe.com//httpdocs/" local="130317140820000000" remote="131359267200000000" Dst="2" />
<file name="facebook.png" server="claimroe.com//httpdocs/" local="130317141400000000" remote="131359267200000000" Dst="2" />
<file name="flickr.png" server="claimroe.com//httpdocs/" local="130317141320000000" remote="131359267200000000" Dst="2" />
<file name="google.png" server="claimroe.com//httpdocs/" local="130317141180000000" remote="131359267200000000" Dst="2" />
<file name="pinterest.png" server="claimroe.com//httpdocs/" local="130317141100000000" remote="131359267200000000" Dst="2" />
<file name="reddit.png" server="claimroe.com//httpdocs/" local="130317141020000000" remote="131359267200000000" Dst="2" />
<file name="twitter.png" server="claimroe.com//httpdocs/" local="130317140940000000" remote="131359267200000000" Dst="2" />
<file name="vimeo.png" server="claimroe.com//httpdocs/" local="130317140740000000" remote="131359267200000000" Dst="2" />
</dwsync>