<?xml version="1.0" encoding="utf-8" ?>
<dwsync>
<file name="bullet_checked.png" server="claimroe.com//httpdocs/" local="131359125726396071" remote="131359264800000000" Dst="2" />
<file name="bullet_cross.png" server="claimroe.com//httpdocs/" local="131359125726496075" remote="131359264800000000" Dst="2" />
<file name="bullet_cross_big.png" server="claimroe.com//httpdocs/" local="131359125726566079" remote="131359264800000000" Dst="2" />
<file name="bullet_cross_big_close.png" server="claimroe.com//httpdocs/" local="131359125726656087" remote="131359264800000000" Dst="2" />
<file name="bullet_cross_white.png" server="claimroe.com//httpdocs/" local="131359125726746088" remote="131359264800000000" Dst="2" />
<file name="comments.png" server="claimroe.com//httpdocs/" local="131359125726816095" remote="131359264800000000" Dst="2" />
<file name="next.png" server="claimroe.com//httpdocs/" local="131359125726906096" remote="131359264800000000" Dst="2" />
<file name="prev.png" server="claimroe.com//httpdocs/" local="131359125726976097" remote="131359264800000000" Dst="2" />
<file name="slide1.jpg" server="claimroe.com//httpdocs/" local="131359125727146108" remote="131359264800000000" Dst="2" />
<file name="slide3.jpg" server="claimroe.com//httpdocs/" local="131359125727486131" remote="131359264800000000" Dst="2" />
<file name="slide2.jpg" server="claimroe.com//httpdocs/" local="131359125727306119" remote="131359264800000000" Dst="2" />
<file name="toggle.png" server="claimroe.com//httpdocs/" local="131359125728006658" remote="131359264800000000" Dst="2" />
<file name="Thumbs.db" server="claimroe.com//httpdocs/" local="131359125727606138" remote="131359264800000000" Dst="2" />
<file name="toggle_blog.png" server="claimroe.com//httpdocs/" local="131359125728136483" remote="131359264800000000" Dst="2" />
<file name="trans_black.png" server="claimroe.com//httpdocs/" local="131359125728216170" remote="131359264800000000" Dst="2" />
</dwsync>