<?xml version="1.0" encoding="utf-8" ?>
<dwsync>
<file name="bg-main.jpg" server="claimroe.com//httpdocs/" local="131359125719795701" remote="131359264200000000" Dst="2" />
<file name="bullet_checked.png" server="claimroe.com//httpdocs/" local="131359125719885711" remote="131359264200000000" Dst="2" />
<file name="bullet_cross.png" server="claimroe.com//httpdocs/" local="131359125719975712" remote="131359264200000000" Dst="2" />
<file name="bullet_cross_big.png" server="claimroe.com//httpdocs/" local="131359125720105720" remote="131359264200000000" Dst="2" />
<file name="bullet_cross_big_close.png" server="claimroe.com//httpdocs/" local="131359125720175724" remote="131359264200000000" Dst="2" />
<file name="bullet_cross_white.png" server="claimroe.com//httpdocs/" local="131359125720235721" remote="131359264200000000" Dst="2" />
<file name="comments.png" server="claimroe.com//httpdocs/" local="131359125720325732" remote="131359264200000000" Dst="2" />
<file name="logo.png" server="claimroe.com//httpdocs/" local="131359125720415739" remote="131359264200000000" Dst="2" />
<file name="Thumbs.db" server="claimroe.com//httpdocs/" local="131359125720485740" remote="131359264200000000" Dst="2" />
<file name="toggle.png" server="claimroe.com//httpdocs/" local="131359125720565741" remote="131359264200000000" Dst="2" />
<file name="toggle_blog.png" server="claimroe.com//httpdocs/" local="131359125720675752" remote="131359264200000000" Dst="2" />
</dwsync>