<?xml version="1.0" encoding="utf-8" ?>
<dwsync>
<file name="about.png" server="claimroe.com//httpdocs/" local="130274849040000000" remote="131359266600000000" Dst="2" />
<file name="blog.png" server="claimroe.com//httpdocs/" local="130274862940000000" remote="131359266600000000" Dst="2" />
<file name="calendar.png" server="claimroe.com//httpdocs/" local="130312920720000000" remote="131359266600000000" Dst="2" />
<file name="cart.png" server="claimroe.com//httpdocs/" local="130312917020000000" remote="131359266600000000" Dst="2" />
<file name="clients.png" server="claimroe.com//httpdocs/" local="130307701440000000" remote="131359266600000000" Dst="2" />
<file name="code.png" server="claimroe.com//httpdocs/" local="130312919620000000" remote="131359266600000000" Dst="2" />
<file name="docs.png" server="claimroe.com//httpdocs/" local="130307705240000000" remote="131359266600000000" Dst="2" />
<file name="contact.png" server="claimroe.com//httpdocs/" local="130274870580000000" remote="131359266600000000" Dst="2" />
<file name="home.png" server="claimroe.com//httpdocs/" local="130307711320000000" remote="131359266600000000" Dst="2" />
<file name="light.png" server="claimroe.com//httpdocs/" local="130312919180000000" remote="131359266600000000" Dst="2" />
<file name="layout.png" server="claimroe.com//httpdocs/" local="130312917740000000" remote="131359266600000000" Dst="2" />
<file name="law.png" server="claimroe.com//httpdocs/" local="130312920980000000" remote="131359266600000000" Dst="2" />
<file name="map_pin.png" server="claimroe.com//httpdocs/" local="130312165540000000" remote="131359266600000000" Dst="2" />
<file name="menu.png" server="claimroe.com//httpdocs/" local="130307725480000000" remote="131359266600000000" Dst="2" />
<file name="pencil.png" server="claimroe.com//httpdocs/" local="130312921420000000" remote="131359266600000000" Dst="2" />
<file name="phone.png" server="claimroe.com//httpdocs/" local="130312149020000000" remote="131359266600000000" Dst="2" />
<file name="photos.png" server="claimroe.com//httpdocs/" local="130274867760000000" remote="131359266600000000" Dst="2" />
<file name="security.png" server="claimroe.com//httpdocs/" local="130312921720000000" remote="131359266600000000" Dst="2" />
<file name="services.png" server="claimroe.com//httpdocs/" local="130312920300000000" remote="131359266600000000" Dst="2" />
<file name="stats.png" server="claimroe.com//httpdocs/" local="130312917360000000" remote="131359266600000000" Dst="2" />
<file name="tools.png" server="claimroe.com//httpdocs/" local="130307705360000000" remote="131359266600000000" Dst="2" />
<file name="top.png" server="claimroe.com//httpdocs/" local="130309414460000000" remote="131359266600000000" Dst="2" />
<file name="travel.png" server="claimroe.com//httpdocs/" local="130312920000000000" remote="131359266600000000" Dst="2" />
<file name="twitter.png" server="claimroe.com//httpdocs/" local="130307704880000000" remote="131359266600000000" Dst="2" />
<file name="videos.png" server="claimroe.com//httpdocs/" local="130307700240000000" remote="131359266600000000" Dst="2" />
</dwsync>