<?xml version="1.0" encoding="utf-8" ?>
<dwsync>
<file name="apple-touch-icon.png" server="claimroe.com//httpdocs/" local="130314528100000000" remote="131359266600000000" Dst="2" />
<file name="apple-touch-startup-image-320x460.png" server="claimroe.com//httpdocs/" local="130314555160000000" remote="131359266600000000" Dst="2" />
<file name="avatar.jpg" server="claimroe.com//httpdocs/" local="130312911580000000" remote="131359266600000000" Dst="2" />
<file name="apple-touch-startup-image-640x920.png" server="claimroe.com//httpdocs/" local="130314555820000000" remote="131359266600000000" Dst="2" />
<file name="grabbing.png" server="claimroe.com//httpdocs/" local="130419992060000000" remote="131359266600000000" Dst="2" />
<file name="loader.gif" server="claimroe.com//httpdocs/" local="129537833200000000" remote="131359267200000000" Dst="2" />
<file name="page_photo.jpg" server="claimroe.com//httpdocs/" local="130308694500000000" remote="131359267200000000" Dst="2" />
<file name="portfolio_thumb.jpg" server="claimroe.com//httpdocs/" local="130309466900000000" remote="131359267200000000" Dst="2" />
<file name="portfolio_thumb2.jpg" server="claimroe.com//httpdocs/" local="130309467740000000" remote="131359267200000000" Dst="2" />
<file name="portfolio_thumb3.jpg" server="claimroe.com//httpdocs/" local="130309468180000000" remote="131359267200000000" Dst="2" />
</dwsync>