<?xml version="1.0" encoding="utf-8" ?>
<dwsync>
<file name="about.png" server="claimroe.com//httpdocs/" local="131359126053964295" remote="131359267800000000" Dst="2" />
<file name="blog.png" server="claimroe.com//httpdocs/" local="131359126054054309" remote="131359267800000000" Dst="2" />
<file name="calendar.png" server="claimroe.com//httpdocs/" local="131359126054124306" remote="131359267800000000" Dst="2" />
<file name="cart.png" server="claimroe.com//httpdocs/" local="131359126054214317" remote="131359267800000000" Dst="2" />
<file name="clients.png" server="claimroe.com//httpdocs/" local="131359126054284314" remote="131359267800000000" Dst="2" />
<file name="code.png" server="claimroe.com//httpdocs/" local="131359126054374328" remote="131359267800000000" Dst="2" />
<file name="contact.png" server="claimroe.com//httpdocs/" local="131359126054464320" remote="131359267800000000" Dst="2" />
<file name="docs.png" server="claimroe.com//httpdocs/" local="131359126054534324" remote="131359267800000000" Dst="2" />
<file name="home.png" server="claimroe.com//httpdocs/" local="131359126054594337" remote="131359267800000000" Dst="2" />
<file name="law.png" server="claimroe.com//httpdocs/" local="131359126054694338" remote="131359267800000000" Dst="2" />
<file name="layout.png" server="claimroe.com//httpdocs/" local="131359126054784339" remote="131359267800000000" Dst="2" />
<file name="light.png" server="claimroe.com//httpdocs/" local="131359126054844352" remote="131359267800000000" Dst="2" />
<file name="map_pin.png" server="claimroe.com//httpdocs/" local="131359126054914356" remote="131359267800000000" Dst="2" />
<file name="menu.png" server="claimroe.com//httpdocs/" local="131359126055034354" remote="131359267800000000" Dst="2" />
<file name="pencil.png" server="claimroe.com//httpdocs/" local="131359126055094358" remote="131359267800000000" Dst="2" />
<file name="phone.png" server="claimroe.com//httpdocs/" local="131359126055164356" remote="131359267800000000" Dst="2" />
<file name="photos.png" server="claimroe.com//httpdocs/" local="131359126055544392" remote="131359267800000000" Dst="2" />
<file name="security.png" server="claimroe.com//httpdocs/" local="131359126056524434" remote="131359267800000000" Dst="2" />
<file name="services.png" server="claimroe.com//httpdocs/" local="131359126056594441" remote="131359267800000000" Dst="2" />
<file name="tools.png" server="claimroe.com//httpdocs/" local="131359126058094528" remote="131359267800000000" Dst="2" />
<file name="Thumbs.db" server="claimroe.com//httpdocs/" local="131359126058024527" remote="131359267800000000" Dst="2" />
<file name="stats.png" server="claimroe.com//httpdocs/" local="131359126057924516" remote="131359267800000000" Dst="2" />
<file name="top.png" server="claimroe.com//httpdocs/" local="131359126058204532" remote="131359267800000000" Dst="2" />
<file name="travel.png" server="claimroe.com//httpdocs/" local="131359126058304539" remote="131359267800000000" Dst="2" />
<file name="twitter.png" server="claimroe.com//httpdocs/" local="131359126058374546" remote="131359267800000000" Dst="2" />
<file name="videos.png" server="claimroe.com//httpdocs/" local="131359126058444717" remote="131359267800000000" Dst="2" />
</dwsync>