<?xml version="1.0" encoding="utf-8" ?>
<dwsync>
<file name="bullet_checked.png" server="claimroe.com//httpdocs/" local="131359125721025771" remote="131359264200000000" Dst="2" />
<file name="bullet_cross.png" server="claimroe.com//httpdocs/" local="131359125721795815" remote="131359264200000000" Dst="2" />
<file name="bg-medical.jpg" server="claimroe.com//httpdocs/" local="131359125720935764" remote="131359264200000000" Dst="2" />
<file name="bullet_cross_big_close.png" server="claimroe.com//httpdocs/" local="131359125722025830" remote="131359264200000000" Dst="2" />
<file name="bullet_cross_big.png" server="claimroe.com//httpdocs/" local="131359125721905829" remote="131359264200000000" Dst="2" />
<file name="bullet_cross_white.png" server="claimroe.com//httpdocs/" local="131359125722095827" remote="131359264200000000" Dst="2" />
<file name="logo.png" server="claimroe.com//httpdocs/" local="131359125722255842" remote="131359264200000000" Dst="2" />
<file name="Thumbs.db" server="claimroe.com//httpdocs/" local="131359125722325839" remote="131359264200000000" Dst="2" />
<file name="comments.png" server="claimroe.com//httpdocs/" local="131359125722155838" remote="131359264200000000" Dst="2" />
<file name="trans_black.png" server="claimroe.com//httpdocs/" local="131359125722595858" remote="131359264200000000" Dst="2" />
<file name="toggle_blog.png" server="claimroe.com//httpdocs/" local="131359125722505854" remote="131359264200000000" Dst="2" />
<file name="toggle.png" server="claimroe.com//httpdocs/" local="131359125722405847" remote="131359264200000000" Dst="2" />
</dwsync>