<?xml version="1.0" encoding="utf-8" ?>
<dwsync>
<file name="bullet_checked.png" server="claimroe.com//httpdocs/" local="131359125732236389" remote="131359264800000000" Dst="2" />
<file name="bullet_cross.png" server="claimroe.com//httpdocs/" local="131359125732326406" remote="131359264800000000" Dst="2" />
<file name="bullet_cross_big.png" server="claimroe.com//httpdocs/" local="131359125732416407" remote="131359264800000000" Dst="2" />
<file name="comments.png" server="claimroe.com//httpdocs/" local="131359125732656416" remote="131359264800000000" Dst="2" />
<file name="bullet_cross_white.png" server="claimroe.com//httpdocs/" local="131359125732586412" remote="131359264800000000" Dst="2" />
<file name="bullet_cross_big_close.png" server="claimroe.com//httpdocs/" local="131359125732516411" remote="131359264800000000" Dst="2" />
<file name="logo.png" server="claimroe.com//httpdocs/" local="131359125732756417" remote="131359264800000000" Dst="2" />
<file name="Thumbs.db" server="claimroe.com//httpdocs/" local="131359125732896428" remote="131359264800000000" Dst="2" />
<file name="toggle.png" server="claimroe.com//httpdocs/" local="131359125732966441" remote="131359264800000000" Dst="2" />
<file name="toggle_blog.png" server="claimroe.com//httpdocs/" local="131359125733036436" remote="131359264800000000" Dst="2" />
</dwsync>