<?xml version="1.0" encoding="utf-8" ?>
<dwsync>
<file name="digg.png" server="claimroe.com//httpdocs/" local="130331730480000000" remote="131359267200000000" Dst="2" />
<file name="facebook.png" server="claimroe.com//httpdocs/" local="130331730320000000" remote="131359267200000000" Dst="2" />
<file name="flickr.png" server="claimroe.com//httpdocs/" local="130331730080000000" remote="131359267200000000" Dst="2" />
<file name="google.png" server="claimroe.com//httpdocs/" local="130332583460000000" remote="131359267200000000" Dst="2" />
<file name="pinterest.png" server="claimroe.com//httpdocs/" local="130331729700000000" remote="131359267200000000" Dst="2" />
<file name="reddit.png" server="claimroe.com//httpdocs/" local="130331729340000000" remote="131359267200000000" Dst="2" />
<file name="twitter.png" server="claimroe.com//httpdocs/" local="130331729040000000" remote="131359267200000000" Dst="2" />
<file name="vimeo.png" server="claimroe.com//httpdocs/" local="130331728840000000" remote="131359267200000000" Dst="2" />
</dwsync>