<?xml version="1.0" encoding="utf-8" ?>
<dwsync>
<file name="about.png" server="claimroe.com//httpdocs/" local="130331160580000000" remote="131359266600000000" Dst="2" />
<file name="blog.png" server="claimroe.com//httpdocs/" local="130331708900000000" remote="131359266600000000" Dst="2" />
<file name="calendar.png" server="claimroe.com//httpdocs/" local="130331731560000000" remote="131359266600000000" Dst="2" />
<file name="cart.png" server="claimroe.com//httpdocs/" local="130331724560000000" remote="131359266600000000" Dst="2" />
<file name="clients.png" server="claimroe.com//httpdocs/" local="130331716620000000" remote="131359266600000000" Dst="2" />
<file name="code.png" server="claimroe.com//httpdocs/" local="130331733160000000" remote="131359266600000000" Dst="2" />
<file name="contact.png" server="claimroe.com//httpdocs/" local="130331714480000000" remote="131359266600000000" Dst="2" />
<file name="docs.png" server="claimroe.com//httpdocs/" local="130331717220000000" remote="131359266600000000" Dst="2" />
<file name="home.png" server="claimroe.com//httpdocs/" local="130331735360000000" remote="131359266600000000" Dst="2" />
<file name="law.png" server="claimroe.com//httpdocs/" local="130331733560000000" remote="131359266600000000" Dst="2" />
<file name="layout.png" server="claimroe.com//httpdocs/" local="130331724880000000" remote="131359266600000000" Dst="2" />
<file name="light.png" server="claimroe.com//httpdocs/" local="130312919180000000" remote="131359266600000000" Dst="2" />
<file name="map_pin.png" server="claimroe.com//httpdocs/" local="130331719080000000" remote="131359266600000000" Dst="2" />
<file name="menu.png" server="claimroe.com//httpdocs/" local="130331715960000000" remote="131359266600000000" Dst="2" />
<file name="pencil.png" server="claimroe.com//httpdocs/" local="130331725780000000" remote="131359266600000000" Dst="2" />
<file name="phone.png" server="claimroe.com//httpdocs/" local="130312149020000000" remote="131359266600000000" Dst="2" />
<file name="photos.png" server="claimroe.com//httpdocs/" local="130331713320000000" remote="131359266600000000" Dst="2" />
<file name="security.png" server="claimroe.com//httpdocs/" local="130331731840000000" remote="131359266600000000" Dst="2" />
<file name="services.png" server="claimroe.com//httpdocs/" local="130331725340000000" remote="131359267200000000" Dst="2" />
<file name="stats.png" server="claimroe.com//httpdocs/" local="130331734640000000" remote="131359267200000000" Dst="2" />
<file name="tools.png" server="claimroe.com//httpdocs/" local="130331718540000000" remote="131359267200000000" Dst="2" />
<file name="top.png" server="claimroe.com//httpdocs/" local="130331716180000000" remote="131359267200000000" Dst="2" />
<file name="travel.png" server="claimroe.com//httpdocs/" local="130331725100000000" remote="131359267200000000" Dst="2" />
<file name="twitter.png" server="claimroe.com//httpdocs/" local="130331717820000000" remote="131359267200000000" Dst="2" />
<file name="videos.png" server="claimroe.com//httpdocs/" local="130331716440000000" remote="131359267200000000" Dst="2" />
</dwsync>