<?xml version="1.0" encoding="utf-8" ?>
<dwsync>
<file name="bg-corporate.jpg" server="claimroe.com//httpdocs/" local="131359125717475577" remote="131359264200000000" Dst="2" />
<file name="bullet_checked.png" server="claimroe.com//httpdocs/" local="131359125717535574" remote="131359264200000000" Dst="2" />
<file name="bullet_cross.png" server="claimroe.com//httpdocs/" local="131359125717605578" remote="131359264200000000" Dst="2" />
<file name="bullet_cross_big.png" server="claimroe.com//httpdocs/" local="131359125717645588" remote="131359264200000000" Dst="2" />
<file name="bullet_cross_big_close.png" server="claimroe.com//httpdocs/" local="131359125717705586" remote="131359264200000000" Dst="2" />
<file name="bullet_cross_white.png" server="claimroe.com//httpdocs/" local="131359125717765586" remote="131359264200000000" Dst="2" />
<file name="Thumbs.db" server="claimroe.com//httpdocs/" local="131359125717835600" remote="131359264200000000" Dst="2" />
<file name="comments.png" server="claimroe.com//httpdocs/" local="131359125717805590" remote="131359264200000000" Dst="2" />
<file name="toggle.png" server="claimroe.com//httpdocs/" local="131359125717905601" remote="131359264200000000" Dst="2" />
<file name="toggle_blog.png" server="claimroe.com//httpdocs/" local="131359125717965605" remote="131359264200000000" Dst="2" />
</dwsync>