<?xml version="1.0" encoding="utf-8" ?>
<dwsync>
<file name="bg-corporate.jpg" server="claimroe.com//httpdocs/" local="131359125716765531" remote="131359263600000000" Dst="2" />
<file name="bullet_checked.png" server="claimroe.com//httpdocs/" local="131359125716805535" remote="131359263600000000" Dst="2" />
<file name="bullet_cross.png" server="claimroe.com//httpdocs/" local="131359125716905542" remote="131359263600000000" Dst="2" />
<file name="bullet_cross_big.png" server="claimroe.com//httpdocs/" local="131359125716995543" remote="131359264200000000" Dst="2" />
<file name="bullet_cross_big_close.png" server="claimroe.com//httpdocs/" local="131359125717025547" remote="131359264200000000" Dst="2" />
<file name="bullet_cross_white.png" server="claimroe.com//httpdocs/" local="131359125717065553" remote="131359264200000000" Dst="2" />
<file name="comments.png" server="claimroe.com//httpdocs/" local="131359125717195571" remote="131359264200000000" Dst="2" />
<file name="Thumbs.db" server="claimroe.com//httpdocs/" local="131359125717235565" remote="131359264200000000" Dst="2" />
<file name="toggle.png" server="claimroe.com//httpdocs/" local="131359125717275572" remote="131359264200000000" Dst="2" />
<file name="toggle_blog.png" server="claimroe.com//httpdocs/" local="131359125717335566" remote="131359264200000000" Dst="2" />
</dwsync>