<?xml version="1.0" encoding="utf-8" ?>
<dwsync>
<file name="photo1.jpg" server="claimroe.com//httpdocs/" local="131359126058844574" remote="131359267800000000" Dst="2" />
<file name="photo10.jpg" server="claimroe.com//httpdocs/" local="131359126058914568" remote="131359267800000000" Dst="2" />
<file name="photo12.jpg" server="claimroe.com//httpdocs/" local="131359126059094580" remote="131359267800000000" Dst="2" />
<file name="photo11.jpg" server="claimroe.com//httpdocs/" local="131359126058994569" remote="131359267800000000" Dst="2" />
<file name="photo2.jpg" server="claimroe.com//httpdocs/" local="131359126059184590" remote="131359267800000000" Dst="2" />
<file name="photo3.jpg" server="claimroe.com//httpdocs/" local="131359126059364592" remote="131359267800000000" Dst="2" />
<file name="photo4.jpg" server="claimroe.com//httpdocs/" local="131359126059444615" remote="131359267800000000" Dst="2" />
<file name="photo5.jpg" server="claimroe.com//httpdocs/" local="131359126059544604" remote="131359267800000000" Dst="2" />
<file name="photo6.jpg" server="claimroe.com//httpdocs/" local="131359126059674611" remote="131359267800000000" Dst="2" />
<file name="photo7.jpg" server="claimroe.com//httpdocs/" local="131359126059764616" remote="131359267800000000" Dst="2" />
<file name="photo8.jpg" server="claimroe.com//httpdocs/" local="131359126059844626" remote="131359267800000000" Dst="2" />
<file name="photo9.jpg" server="claimroe.com//httpdocs/" local="131359126059934627" remote="131359267800000000" Dst="2" />
<file name="Thumbs.db" server="claimroe.com//httpdocs/" local="131359126060034641" remote="131359267800000000" Dst="2" />
</dwsync>