<?xml version="1.0" encoding="utf-8" ?>
<dwsync>
<file name="contact-send.php" server="claimroe.com//httpdocs/" local="130333228300000000" remote="131359266600000000" Dst="2" />
<file name="index - Copy.html" server="claimroe.com//httpdocs/" local="131359126647027665" remote="131359267200000000" Dst="2" />
<file name="index.html" server="claimroe.com//httpdocs/" local="131317605260000000" remote="131359267200000000" Dst="2" />
<file name="index_beauty.html" server="claimroe.com//httpdocs/" local="131139486800000000" remote="131359267200000000" Dst="2" />
<file name="index_black.html" server="claimroe.com//httpdocs/" local="131171707480000000" remote="131359267200000000" Dst="2" />
<file name="index_corporate.html" server="claimroe.com//httpdocs/" local="131139487200000000" remote="131359267200000000" Dst="2" />
<file name="index_gradient.html" server="claimroe.com//httpdocs/" local="131139487300000000" remote="131359267200000000" Dst="2" />
<file name="index_green.html" server="claimroe.com//httpdocs/" local="131206901820000000" remote="131359267200000000" Dst="2" />
<file name="index_medical.html" server="claimroe.com//httpdocs/" local="131171707520000000" remote="131359267200000000" Dst="2" />
<file name="index_metro.html" server="claimroe.com//httpdocs/" local="131139487480000000" remote="131359267200000000" Dst="2" />
<file name="index_personal.html" server="claimroe.com//httpdocs/" local="131139487540000000" remote="131359267200000000" Dst="2" />
<file name="index_restaurant.html" server="claimroe.com//httpdocs/" local="131171707540000000" remote="131359267200000000" Dst="2" />
<file name="index_slider.html" server="claimroe.com//httpdocs/" local="131171707540000000" remote="131359267200000000" Dst="2" />
<file name="index_splash.html" server="claimroe.com//httpdocs/" local="131171707560000000" remote="131359267200000000" Dst="2" />
<file name="index_wedding.html" server="claimroe.com//httpdocs/" local="131171707560000000" remote="131359267200000000" Dst="2" />
<file name="index_white.html" server="claimroe.com//httpdocs/" local="131171707580000000" remote="131359267200000000" Dst="2" />
<file name="license.txt" server="claimroe.com//httpdocs/" local="129034637340000000" remote="131359267200000000" Dst="2" />
</dwsync>