<?xml version="1.0" encoding="utf-8" ?>
<dwsync>
<file name="bullet_checked.png" server="claimroe.com//httpdocs/" local="130309375600000000" remote="131359266000000000" Dst="2" />
<file name="bullet_cross.png" server="claimroe.com//httpdocs/" local="130309477480000000" remote="131359266000000000" Dst="2" />
<file name="bullet_cross_big_close.png" server="claimroe.com//httpdocs/" local="130310469500000000" remote="131359266000000000" Dst="2" />
<file name="bullet_cross_big.png" server="claimroe.com//httpdocs/" local="130310420060000000" remote="131359266000000000" Dst="2" />
<file name="bg-restaurant.jpg" server="claimroe.com//httpdocs/" local="130317164240000000" remote="131359266000000000" Dst="2" />
<file name="comments.png" server="claimroe.com//httpdocs/" local="130310475020000000" remote="131359266000000000" Dst="2" />
<file name="bullet_cross_white.png" server="claimroe.com//httpdocs/" local="130311069360000000" remote="131359266000000000" Dst="2" />
<file name="plate_bg.png" server="claimroe.com//httpdocs/" local="130317007320000000" remote="131359266000000000" Dst="2" />
<file name="toggle.png" server="claimroe.com//httpdocs/" local="130309405580000000" remote="131359266000000000" Dst="2" />
<file name="toggle_blog.png" server="claimroe.com//httpdocs/" local="130316428560000000" remote="131359266000000000" Dst="2" />
<file name="trans_black.png" server="claimroe.com//httpdocs/" local="130316376160000000" remote="131359266000000000" Dst="2" />
</dwsync>