<?xml version="1.0" encoding="utf-8" ?>
<dwsync>
<file name="bullet_checked.png" server="claimroe.com//httpdocs/" local="131359125725076000" remote="131359264800000000" Dst="2" />
<file name="bullet_cross.png" server="claimroe.com//httpdocs/" local="131359125725166001" remote="131359264800000000" Dst="2" />
<file name="bullet_cross_big_close.png" server="claimroe.com//httpdocs/" local="131359125725346009" remote="131359264800000000" Dst="2" />
<file name="bullet_cross_big.png" server="claimroe.com//httpdocs/" local="131359125725286005" remote="131359264800000000" Dst="2" />
<file name="bg-restaurant.jpg" server="claimroe.com//httpdocs/" local="131359125724945989" remote="131359264800000000" Dst="2" />
<file name="comments.png" server="claimroe.com//httpdocs/" local="131359125725506017" remote="131359264800000000" Dst="2" />
<file name="bullet_cross_white.png" server="claimroe.com//httpdocs/" local="131359125725416016" remote="131359264800000000" Dst="2" />
<file name="plate_bg.png" server="claimroe.com//httpdocs/" local="131359125725596024" remote="131359264800000000" Dst="2" />
<file name="Thumbs.db" server="claimroe.com//httpdocs/" local="131359125725936047" remote="131359264800000000" Dst="2" />
<file name="toggle.png" server="claimroe.com//httpdocs/" local="131359125726016045" remote="131359264800000000" Dst="2" />
<file name="toggle_blog.png" server="claimroe.com//httpdocs/" local="131359125726116052" remote="131359264800000000" Dst="2" />
<file name="trans_black.png" server="claimroe.com//httpdocs/" local="131359125726206056" remote="131359264800000000" Dst="2" />
</dwsync>