<?xml version="1.0" encoding="utf-8" ?>
<dwsync>
<file name="digg.png" server="claimroe.com//httpdocs/" local="131359126056734452" remote="131359267800000000" Dst="2" />
<file name="facebook.png" server="claimroe.com//httpdocs/" local="131359126056834457" remote="131359267800000000" Dst="2" />
<file name="flickr.png" server="claimroe.com//httpdocs/" local="131359126057014468" remote="131359267800000000" Dst="2" />
<file name="google.png" server="claimroe.com//httpdocs/" local="131359126057084485" remote="131359267800000000" Dst="2" />
<file name="pinterest.png" server="claimroe.com//httpdocs/" local="131359126057184483" remote="131359267800000000" Dst="2" />
<file name="reddit.png" server="claimroe.com//httpdocs/" local="131359126057564500" remote="131359267800000000" Dst="2" />
<file name="twitter.png" server="claimroe.com//httpdocs/" local="131359126057764508" remote="131359267800000000" Dst="2" />
<file name="Thumbs.db" server="claimroe.com//httpdocs/" local="131359126057644504" remote="131359267800000000" Dst="2" />
<file name="vimeo.png" server="claimroe.com//httpdocs/" local="131359126057834512" remote="131359267800000000" Dst="2" />
</dwsync>