<?xml version="1.0" encoding="utf-8" ?>
<dwsync>
<file name="bullet_checked.png" server="claimroe.com//httpdocs/" local="131359125718615634" remote="131359264200000000" Dst="2" />
<file name="bullet_cross.png" server="claimroe.com//httpdocs/" local="131359125718715644" remote="131359264200000000" Dst="2" />
<file name="bg-green.jpg" server="claimroe.com//httpdocs/" local="131359125718115609" remote="131359264200000000" Dst="2" />
<file name="bullet_cross_big_close.png" server="claimroe.com//httpdocs/" local="131359125718905653" remote="131359264200000000" Dst="2" />
<file name="bullet_cross_big.png" server="claimroe.com//httpdocs/" local="131359125718815652" remote="131359264200000000" Dst="2" />
<file name="bullet_cross_white.png" server="claimroe.com//httpdocs/" local="131359125718965660" remote="131359264200000000" Dst="2" />
<file name="comments.png" server="claimroe.com//httpdocs/" local="131359125719065655" remote="131359264200000000" Dst="2" />
<file name="logo.png" server="claimroe.com//httpdocs/" local="131359125719315676" remote="131359264200000000" Dst="2" />
<file name="Thumbs.db" server="claimroe.com//httpdocs/" local="131359125719385680" remote="131359264200000000" Dst="2" />
<file name="toggle.png" server="claimroe.com//httpdocs/" local="131359125719455684" remote="131359264200000000" Dst="2" />
<file name="toggle_blog.png" server="claimroe.com//httpdocs/" local="131359125719575686" remote="131359264200000000" Dst="2" />
<file name="transparent_circle.png" server="claimroe.com//httpdocs/" local="131359125719635696" remote="131359264200000000" Dst="2" />
</dwsync>