<?xml version="1.0" encoding="utf-8" ?>
<dwsync>
<file name="bullet_checked.png" server="claimroe.com//httpdocs/" local="131359125722915871" remote="131359264200000000" Dst="2" />
<file name="bullet_cross.png" server="claimroe.com//httpdocs/" local="131359125723005879" remote="131359264200000000" Dst="2" />
<file name="bg-metro.jpg" server="claimroe.com//httpdocs/" local="131359125722835877" remote="131359264200000000" Dst="2" />
<file name="bullet_cross_white.png" server="claimroe.com//httpdocs/" local="131359125723265897" remote="131359264200000000" Dst="2" />
<file name="bullet_cross_big.png" server="claimroe.com//httpdocs/" local="131359125723095889" remote="131359264200000000" Dst="2" />
<file name="bullet_cross_big_close.png" server="claimroe.com//httpdocs/" local="131359125723165890" remote="131359264200000000" Dst="2" />
<file name="comments.png" server="claimroe.com//httpdocs/" local="131359125723335898" remote="131359264200000000" Dst="2" />
<file name="Thumbs.db" server="claimroe.com//httpdocs/" local="131359125723445906" remote="131359264200000000" Dst="2" />
<file name="toggle.png" server="claimroe.com//httpdocs/" local="131359125723515906" remote="131359264200000000" Dst="2" />
<file name="toggle_blog.png" server="claimroe.com//httpdocs/" local="131359125723605917" remote="131359264200000000" Dst="2" />
</dwsync>