<?xml version="1.0" encoding="utf-8" ?>
<dwsync>
<file name="bullet_checked.png" server="claimroe.com//httpdocs/" local="131359125715985494" remote="131359263600000000" Dst="2" />
<file name="bullet_cross.png" server="claimroe.com//httpdocs/" local="131359125716075492" remote="131359263600000000" Dst="2" />
<file name="bullet_cross_big.png" server="claimroe.com//httpdocs/" local="131359125716115492" remote="131359263600000000" Dst="2" />
<file name="bullet_cross_big_close.png" server="claimroe.com//httpdocs/" local="131359125716175506" remote="131359263600000000" Dst="2" />
<file name="bullet_cross_white.png" server="claimroe.com//httpdocs/" local="131359125716235510" remote="131359263600000000" Dst="2" />
<file name="comments.png" server="claimroe.com//httpdocs/" local="131359125716275507" remote="131359263600000000" Dst="2" />
<file name="toggle.png" server="claimroe.com//httpdocs/" local="131359125716425515" remote="131359263600000000" Dst="2" />
<file name="logo.png" server="claimroe.com//httpdocs/" local="131359125716315514" remote="131359263600000000" Dst="2" />
<file name="Thumbs.db" server="claimroe.com//httpdocs/" local="131359125716365508" remote="131359263600000000" Dst="2" />
<file name="toggle_blog.png" server="claimroe.com//httpdocs/" local="131359125716485519" remote="131359263600000000" Dst="2" />
</dwsync>