<?xml version="1.0" encoding="utf-8" ?>
<dwsync>
<file name="bullet_checked.png" server="claimroe.com//httpdocs/" local="131359125730076283" remote="131359264800000000" Dst="2" />
<file name="bullet_cross.png" server="claimroe.com//httpdocs/" local="131359125730166277" remote="131359264800000000" Dst="2" />
<file name="bullet_cross_big_close.png" server="claimroe.com//httpdocs/" local="131359125730326282" remote="131359264800000000" Dst="2" />
<file name="bullet_cross_big.png" server="claimroe.com//httpdocs/" local="131359125730266285" remote="131359264800000000" Dst="2" />
<file name="bg-wedding.jpg" server="claimroe.com//httpdocs/" local="131359125729956266" remote="131359264800000000" Dst="2" />
<file name="bullet_cross_white.png" server="claimroe.com//httpdocs/" local="131359125730416293" remote="131359264800000000" Dst="2" />
<file name="comments.png" server="claimroe.com//httpdocs/" local="131359125730506294" remote="131359264800000000" Dst="2" />
<file name="toggle.png" server="claimroe.com//httpdocs/" local="131359125731016328" remote="131359264800000000" Dst="2" />
<file name="Thumbs.db" server="claimroe.com//httpdocs/" local="131359125730906317" remote="131359264800000000" Dst="2" />
<file name="toggle_blog.png" server="claimroe.com//httpdocs/" local="131359125731176336" remote="131359264800000000" Dst="2" />
<file name="logo.png" server="claimroe.com//httpdocs/" local="131359125730666308" remote="131359264800000000" Dst="2" />
<file name="trans_black.png" server="claimroe.com//httpdocs/" local="131359125731256340" remote="131359264800000000" Dst="2" />
</dwsync>