<?xml version="1.0" encoding="utf-8" ?>
<dwsync>
<file name="apple-touch-icon.png" server="claimroe.com//httpdocs/" local="131359126043023684" remote="131359267200000000" Dst="2" />
<file name="apple-touch-startup-image-320x460.png" server="claimroe.com//httpdocs/" local="131359126043353700" remote="131359267200000000" Dst="2" />
<file name="avatar.jpg" server="claimroe.com//httpdocs/" local="131359126043713732" remote="131359267200000000" Dst="2" />
<file name="grabbing.png" server="claimroe.com//httpdocs/" local="131359126043783727" remote="131359267200000000" Dst="2" />
<file name="apple-touch-startup-image-640x920.png" server="claimroe.com//httpdocs/" local="131359126043453707" remote="131359267200000000" Dst="2" />
<file name="loader.gif" server="claimroe.com//httpdocs/" local="131359126058554552" remote="131359267800000000" Dst="2" />
<file name="page_photo.jpg" server="claimroe.com//httpdocs/" local="131359126058694556" remote="131359267800000000" Dst="2" />
<file name="portfolio_thumb.jpg" server="claimroe.com//httpdocs/" local="131359126060134639" remote="131359267800000000" Dst="2" />
<file name="portfolio_thumb2.jpg" server="claimroe.com//httpdocs/" local="131359126060224659" remote="131359267800000000" Dst="2" />
<file name="portfolio_thumb3.jpg" server="claimroe.com//httpdocs/" local="131359126060314660" remote="131359267800000000" Dst="2" />
<file name="Thumbs.db" server="claimroe.com//httpdocs/" local="131359126060424658" remote="131359267800000000" Dst="2" />
</dwsync>