<?xml version="1.0" encoding="utf-8" ?>
<dwsync>
<file name="bullet_checked.png" server="claimroe.com//httpdocs/" local="130316267840000000" remote="131359266000000000" Dst="2" />
<file name="bullet_cross.png" server="claimroe.com//httpdocs/" local="130309477480000000" remote="131359266000000000" Dst="2" />
<file name="bullet_cross_big.png" server="claimroe.com//httpdocs/" local="130310420060000000" remote="131359266000000000" Dst="2" />
<file name="bullet_cross_white.png" server="claimroe.com//httpdocs/" local="130311069360000000" remote="131359266000000000" Dst="2" />
<file name="bullet_cross_big_close.png" server="claimroe.com//httpdocs/" local="130310469500000000" remote="131359266000000000" Dst="2" />
<file name="comments.png" server="claimroe.com//httpdocs/" local="130310475020000000" remote="131359266000000000" Dst="2" />
<file name="prev.png" server="claimroe.com//httpdocs/" local="130332518820000000" remote="131359266000000000" Dst="2" />
<file name="next.png" server="claimroe.com//httpdocs/" local="130332518640000000" remote="131359266000000000" Dst="2" />
<file name="slide1.jpg" server="claimroe.com//httpdocs/" local="130332550380000000" remote="131359266000000000" Dst="2" />
<file name="slide3.jpg" server="claimroe.com//httpdocs/" local="130332551220000000" remote="131359266000000000" Dst="2" />
<file name="toggle.png" server="claimroe.com//httpdocs/" local="130316312900000000" remote="131359266000000000" Dst="2" />
<file name="slide2.jpg" server="claimroe.com//httpdocs/" local="130332550920000000" remote="131359266000000000" Dst="2" />
<file name="trans_black.png" server="claimroe.com//httpdocs/" local="130332551900000000" remote="131359266000000000" Dst="2" />
<file name="toggle_blog.png" server="claimroe.com//httpdocs/" local="130317248220000000" remote="131359266000000000" Dst="2" />
</dwsync>