<?xml version="1.0" encoding="utf-8" ?>
<dwsync>
<file name="photo10.jpg" server="claimroe.com//httpdocs/" local="130309531040000000" remote="131359267200000000" Dst="2" />
<file name="photo1.jpg" server="claimroe.com//httpdocs/" local="130309524700000000" remote="131359267200000000" Dst="2" />
<file name="photo11.jpg" server="claimroe.com//httpdocs/" local="130309531280000000" remote="131359267200000000" Dst="2" />
<file name="photo12.jpg" server="claimroe.com//httpdocs/" local="130309531520000000" remote="131359267200000000" Dst="2" />
<file name="photo2.jpg" server="claimroe.com//httpdocs/" local="130309524900000000" remote="131359267200000000" Dst="2" />
<file name="photo4.jpg" server="claimroe.com//httpdocs/" local="130309525640000000" remote="131359267200000000" Dst="2" />
<file name="photo3.jpg" server="claimroe.com//httpdocs/" local="130309525380000000" remote="131359267200000000" Dst="2" />
<file name="photo5.jpg" server="claimroe.com//httpdocs/" local="130309525880000000" remote="131359267200000000" Dst="2" />
<file name="photo6.jpg" server="claimroe.com//httpdocs/" local="130309526360000000" remote="131359267200000000" Dst="2" />
<file name="photo7.jpg" server="claimroe.com//httpdocs/" local="130309526560000000" remote="131359267200000000" Dst="2" />
<file name="photo8.jpg" server="claimroe.com//httpdocs/" local="130309526760000000" remote="131359267200000000" Dst="2" />
<file name="photo9.jpg" server="claimroe.com//httpdocs/" local="130309527040000000" remote="131359267200000000" Dst="2" />
</dwsync>