<?xml version="1.0" encoding="utf-8" ?>
<dwsync>
<file name="about.png" server="claimroe.com//httpdocs/" local="131359126046423876" remote="131359267800000000" Dst="2" />
<file name="blog.png" server="claimroe.com//httpdocs/" local="131359126046633898" remote="131359267800000000" Dst="2" />
<file name="calendar.png" server="claimroe.com//httpdocs/" local="131359126046703895" remote="131359267800000000" Dst="2" />
<file name="cart.png" server="claimroe.com//httpdocs/" local="131359126046863907" remote="131359267800000000" Dst="2" />
<file name="clients.png" server="claimroe.com//httpdocs/" local="131359126047003914" remote="131359267800000000" Dst="2" />
<file name="code.png" server="claimroe.com//httpdocs/" local="131359126047203923" remote="131359267800000000" Dst="2" />
<file name="contact.png" server="claimroe.com//httpdocs/" local="131359126047273920" remote="131359267800000000" Dst="2" />
<file name="docs.png" server="claimroe.com//httpdocs/" local="131359126047373934" remote="131359267800000000" Dst="2" />
<file name="home.png" server="claimroe.com//httpdocs/" local="131359126047523942" remote="131359267800000000" Dst="2" />
<file name="law.png" server="claimroe.com//httpdocs/" local="131359126047623937" remote="131359267800000000" Dst="2" />
<file name="layout.png" server="claimroe.com//httpdocs/" local="131359126047693947" remote="131359267800000000" Dst="2" />
<file name="light.png" server="claimroe.com//httpdocs/" local="131359126047773955" remote="131359267800000000" Dst="2" />
<file name="map_pin.png" server="claimroe.com//httpdocs/" local="131359126047873952" remote="131359267800000000" Dst="2" />
<file name="menu.png" server="claimroe.com//httpdocs/" local="131359126047943963" remote="131359267800000000" Dst="2" />
<file name="pencil.png" server="claimroe.com//httpdocs/" local="131359126048013963" remote="131359267800000000" Dst="2" />
<file name="phone.png" server="claimroe.com//httpdocs/" local="131359126048113974" remote="131359267800000000" Dst="2" />
<file name="photos.png" server="claimroe.com//httpdocs/" local="131359126048253982" remote="131359267800000000" Dst="2" />
<file name="security.png" server="claimroe.com//httpdocs/" local="131359126048353986" remote="131359267800000000" Dst="2" />
<file name="services.png" server="claimroe.com//httpdocs/" local="131359126048453987" remote="131359267800000000" Dst="2" />
<file name="tools.png" server="claimroe.com//httpdocs/" local="131359126049714065" remote="131359267800000000" Dst="2" />
<file name="Thumbs.db" server="claimroe.com//httpdocs/" local="131359126049644057" remote="131359267800000000" Dst="2" />
<file name="stats.png" server="claimroe.com//httpdocs/" local="131359126049534050" remote="131359267800000000" Dst="2" />
<file name="top.png" server="claimroe.com//httpdocs/" local="131359126049784065" remote="131359267800000000" Dst="2" />
<file name="travel.png" server="claimroe.com//httpdocs/" local="131359126049904076" remote="131359267800000000" Dst="2" />
<file name="twitter.png" server="claimroe.com//httpdocs/" local="131359126049974077" remote="131359267800000000" Dst="2" />
<file name="videos.png" server="claimroe.com//httpdocs/" local="131359126050044078" remote="131359267800000000" Dst="2" />
</dwsync>