<?xml version="1.0" encoding="utf-8" ?>
<dwsync>
<file name="bullet_checked.png" server="claimroe.com//httpdocs/" local="131359125728506189" remote="131359264800000000" Dst="2" />
<file name="bg-splash.jpg" server="claimroe.com//httpdocs/" local="131359125728426182" remote="131359264800000000" Dst="2" />
<file name="bullet_cross.png" server="claimroe.com//httpdocs/" local="131359125728626194" remote="131359264800000000" Dst="2" />
<file name="bullet_cross_big.png" server="claimroe.com//httpdocs/" local="131359125728686207" remote="131359264800000000" Dst="2" />
<file name="bullet_cross_big_close.png" server="claimroe.com//httpdocs/" local="131359125728756202" remote="131359264800000000" Dst="2" />
<file name="bullet_cross_white.png" server="claimroe.com//httpdocs/" local="131359125728816199" remote="131359264800000000" Dst="2" />
<file name="comments.png" server="claimroe.com//httpdocs/" local="131359125728936210" remote="131359264800000000" Dst="2" />
<file name="logo.png" server="claimroe.com//httpdocs/" local="131359125729006220" remote="131359264800000000" Dst="2" />
<file name="toggle.png" server="claimroe.com//httpdocs/" local="131359125729236232" remote="131359264800000000" Dst="2" />
<file name="slide-to-navigate.png" server="claimroe.com//httpdocs/" local="131359125729076212" remote="131359264800000000" Dst="2" />
<file name="Thumbs.db" server="claimroe.com//httpdocs/" local="131359125729166222" remote="131359264800000000" Dst="2" />
<file name="toggle_blog.png" server="claimroe.com//httpdocs/" local="131359125729336237" remote="131359264800000000" Dst="2" />
<file name="trans_black.png" server="claimroe.com//httpdocs/" local="131359125729496248" remote="131359264800000000" Dst="2" />
<file name="transparent_circle.png" server="claimroe.com//httpdocs/" local="131359125729426238" remote="131359264800000000" Dst="2" />
</dwsync>