<?xml version="1.0" encoding="utf-8" ?>
<dwsync>
<file name="digg.png" server="claimroe.com//httpdocs/" local="131359126052244200" remote="131359267800000000" Dst="2" />
<file name="facebook.png" server="claimroe.com//httpdocs/" local="131359126052344208" remote="131359267800000000" Dst="2" />
<file name="flickr.png" server="claimroe.com//httpdocs/" local="131359126052464215" remote="131359267800000000" Dst="2" />
<file name="google.png" server="claimroe.com//httpdocs/" local="131359126052544219" remote="131359267800000000" Dst="2" />
<file name="pinterest.png" server="claimroe.com//httpdocs/" local="131359126052604223" remote="131359267800000000" Dst="2" />
<file name="reddit.png" server="claimroe.com//httpdocs/" local="131359126052704237" remote="131359267800000000" Dst="2" />
<file name="twitter.png" server="claimroe.com//httpdocs/" local="131359126052894236" remote="131359267800000000" Dst="2" />
<file name="Thumbs.db" server="claimroe.com//httpdocs/" local="131359126052804228" remote="131359267800000000" Dst="2" />
<file name="vimeo.png" server="claimroe.com//httpdocs/" local="131359126052994240" remote="131359267800000000" Dst="2" />
</dwsync>