<?xml version="1.0" encoding="utf-8" ?>
<dwsync>
<file name="digg.png" server="claimroe.com//httpdocs/" local="131359126045033804" remote="131359267200000000" Dst="2" />
<file name="facebook.png" server="claimroe.com//httpdocs/" local="131359126045093808" remote="131359267200000000" Dst="2" />
<file name="google.png" server="claimroe.com//httpdocs/" local="131359126045393824" remote="131359267200000000" Dst="2" />
<file name="flickr.png" server="claimroe.com//httpdocs/" local="131359126045363814" remote="131359267200000000" Dst="2" />
<file name="pinterest.png" server="claimroe.com//httpdocs/" local="131359126045493831" remote="131359267200000000" Dst="2" />
<file name="reddit.png" server="claimroe.com//httpdocs/" local="131359126045763844" remote="131359267200000000" Dst="2" />
<file name="twitter.png" server="claimroe.com//httpdocs/" local="131359126045873845" remote="131359267200000000" Dst="2" />
<file name="Thumbs.db" server="claimroe.com//httpdocs/" local="131359126045793847" remote="131359267200000000" Dst="2" />
<file name="vimeo.png" server="claimroe.com//httpdocs/" local="131359126046013856" remote="131359267800000000" Dst="2" />
</dwsync>