<?xml version="1.0" encoding="utf-8" ?>
<dwsync>
<file name="blog.png" server="claimroe.com//httpdocs/" local="131359126043973738" remote="131359267200000000" Dst="2" />
<file name="about.png" server="claimroe.com//httpdocs/" local="131359126043833727" remote="131359267200000000" Dst="2" />
<file name="calendar.png" server="claimroe.com//httpdocs/" local="131359126044013742" remote="131359267200000000" Dst="2" />
<file name="cart.png" server="claimroe.com//httpdocs/" local="131359126044043746" remote="131359267200000000" Dst="2" />
<file name="clients.png" server="claimroe.com//httpdocs/" local="131359126044133759" remote="131359267200000000" Dst="2" />
<file name="code.png" server="claimroe.com//httpdocs/" local="131359126044173753" remote="131359267200000000" Dst="2" />
<file name="docs.png" server="claimroe.com//httpdocs/" local="131359126044273754" remote="131359267200000000" Dst="2" />
<file name="contact.png" server="claimroe.com//httpdocs/" local="131359126044213760" remote="131359267200000000" Dst="2" />
<file name="home.png" server="claimroe.com//httpdocs/" local="131359126044333765" remote="131359267200000000" Dst="2" />
<file name="layout.png" server="claimroe.com//httpdocs/" local="131359126044403769" remote="131359267200000000" Dst="2" />
<file name="law.png" server="claimroe.com//httpdocs/" local="131359126044373762" remote="131359267200000000" Dst="2" />
<file name="light.png" server="claimroe.com//httpdocs/" local="131359126044623774" remote="131359267200000000" Dst="2" />
<file name="map_pin.png" server="claimroe.com//httpdocs/" local="131359126044683788" remote="131359267200000000" Dst="2" />
<file name="menu.png" server="claimroe.com//httpdocs/" local="131359126044723788" remote="131359267200000000" Dst="2" />
<file name="pencil.png" server="claimroe.com//httpdocs/" local="131359126044763792" remote="131359267200000000" Dst="2" />
<file name="photos.png" server="claimroe.com//httpdocs/" local="131359126044883796" remote="131359267200000000" Dst="2" />
<file name="phone.png" server="claimroe.com//httpdocs/" local="131359126044823795" remote="131359267200000000" Dst="2" />
<file name="security.png" server="claimroe.com//httpdocs/" local="131359126044913803" remote="131359267200000000" Dst="2" />
<file name="services.png" server="claimroe.com//httpdocs/" local="131359126044973794" remote="131359267200000000" Dst="2" />
<file name="stats.png" server="claimroe.com//httpdocs/" local="131359126046053856" remote="131359267800000000" Dst="2" />
<file name="Thumbs.db" server="claimroe.com//httpdocs/" local="131359126046083863" remote="131359267800000000" Dst="2" />
<file name="top.png" server="claimroe.com//httpdocs/" local="131359126046213861" remote="131359267800000000" Dst="2" />
<file name="tools.png" server="claimroe.com//httpdocs/" local="131359126046143870" remote="131359267800000000" Dst="2" />
<file name="travel.png" server="claimroe.com//httpdocs/" local="131359126046243871" remote="131359267800000000" Dst="2" />
<file name="videos.png" server="claimroe.com//httpdocs/" local="131359126046343879" remote="131359267800000000" Dst="2" />
<file name="twitter.png" server="claimroe.com//httpdocs/" local="131359126046303881" remote="131359267800000000" Dst="2" />
</dwsync>