<?xml version="1.0" encoding="utf-8" ?>
<dwsync>
<file name="digg.png" server="claimroe.com//httpdocs/" local="131359126048553995" remote="131359267800000000" Dst="2" />
<file name="facebook.png" server="claimroe.com//httpdocs/" local="131359126048684006" remote="131359267800000000" Dst="2" />
<file name="flickr.png" server="claimroe.com//httpdocs/" local="131359126048754013" remote="131359267800000000" Dst="2" />
<file name="google.png" server="claimroe.com//httpdocs/" local="131359126048844014" remote="131359267800000000" Dst="2" />
<file name="pinterest.png" server="claimroe.com//httpdocs/" local="131359126048904014" remote="131359267800000000" Dst="2" />
<file name="reddit.png" server="claimroe.com//httpdocs/" local="131359126049014025" remote="131359267800000000" Dst="2" />
<file name="twitter.png" server="claimroe.com//httpdocs/" local="131359126049364042" remote="131359267800000000" Dst="2" />
<file name="Thumbs.db" server="claimroe.com//httpdocs/" local="131359126049264031" remote="131359267800000000" Dst="2" />
<file name="vimeo.png" server="claimroe.com//httpdocs/" local="131359126049464040" remote="131359267800000000" Dst="2" />
</dwsync>