<?xml version="1.0" encoding="utf-8" ?>
<dwsync>
<file name="about.png" server="claimroe.com//httpdocs/" local="131359126050174092" remote="131359267800000000" Dst="2" />
<file name="blog.png" server="claimroe.com//httpdocs/" local="131359126050304096" remote="131359267800000000" Dst="2" />
<file name="calendar.png" server="claimroe.com//httpdocs/" local="131359126050424101" remote="131359267800000000" Dst="2" />
<file name="cart.png" server="claimroe.com//httpdocs/" local="131359126050524099" remote="131359267800000000" Dst="2" />
<file name="clients.png" server="claimroe.com//httpdocs/" local="131359126050684116" remote="131359267800000000" Dst="2" />
<file name="code.png" server="claimroe.com//httpdocs/" local="131359126050794124" remote="131359267800000000" Dst="2" />
<file name="contact.png" server="claimroe.com//httpdocs/" local="131359126050944132" remote="131359267800000000" Dst="2" />
<file name="docs.png" server="claimroe.com//httpdocs/" local="131359126051014133" remote="131359267800000000" Dst="2" />
<file name="home.png" server="claimroe.com//httpdocs/" local="131359126051104134" remote="131359267800000000" Dst="2" />
<file name="law.png" server="claimroe.com//httpdocs/" local="131359126051374453" remote="131359267800000000" Dst="2" />
<file name="layout.png" server="claimroe.com//httpdocs/" local="131359126051464160" remote="131359267800000000" Dst="2" />
<file name="light.png" server="claimroe.com//httpdocs/" local="131359126051534161" remote="131359267800000000" Dst="2" />
<file name="map_pin.png" server="claimroe.com//httpdocs/" local="131359126051624165" remote="131359267800000000" Dst="2" />
<file name="menu.png" server="claimroe.com//httpdocs/" local="131359126051694175" remote="131359267800000000" Dst="2" />
<file name="pencil.png" server="claimroe.com//httpdocs/" local="131359126051784352" remote="131359267800000000" Dst="2" />
<file name="phone.png" server="claimroe.com//httpdocs/" local="131359126051894180" remote="131359267800000000" Dst="2" />
<file name="photos.png" server="claimroe.com//httpdocs/" local="131359126051964184" remote="131359267800000000" Dst="2" />
<file name="security.png" server="claimroe.com//httpdocs/" local="131359126052034188" remote="131359267800000000" Dst="2" />
<file name="services.png" server="claimroe.com//httpdocs/" local="131359126052164196" remote="131359267800000000" Dst="2" />
<file name="stats.png" server="claimroe.com//httpdocs/" local="131359126053074263" remote="131359267800000000" Dst="2" />
<file name="tools.png" server="claimroe.com//httpdocs/" local="131359126053434267" remote="131359267800000000" Dst="2" />
<file name="Thumbs.db" server="claimroe.com//httpdocs/" local="131359126053324266" remote="131359267800000000" Dst="2" />
<file name="twitter.png" server="claimroe.com//httpdocs/" local="131359126053694276" remote="131359267800000000" Dst="2" />
<file name="top.png" server="claimroe.com//httpdocs/" local="131359126053504265" remote="131359267800000000" Dst="2" />
<file name="travel.png" server="claimroe.com//httpdocs/" local="131359126053574281" remote="131359267800000000" Dst="2" />
<file name="videos.png" server="claimroe.com//httpdocs/" local="131359126053754283" remote="131359267800000000" Dst="2" />
</dwsync>