<?xml version="1.0" encoding="utf-8" ?>
<dwsync>
<file name="about.png" server="claimroe.com//httpdocs/" local="130317140280000000" remote="131359267200000000" Dst="2" />
<file name="blog.png" server="claimroe.com//httpdocs/" local="130317138640000000" remote="131359267200000000" Dst="2" />
<file name="calendar.png" server="claimroe.com//httpdocs/" local="130317138800000000" remote="131359267200000000" Dst="2" />
<file name="cart.png" server="claimroe.com//httpdocs/" local="130317138860000000" remote="131359267200000000" Dst="2" />
<file name="clients.png" server="claimroe.com//httpdocs/" local="130317138940000000" remote="131359267200000000" Dst="2" />
<file name="code.png" server="claimroe.com//httpdocs/" local="130317139640000000" remote="131359267200000000" Dst="2" />
<file name="contact.png" server="claimroe.com//httpdocs/" local="130317139720000000" remote="131359267200000000" Dst="2" />
<file name="docs.png" server="claimroe.com//httpdocs/" local="130317139780000000" remote="131359267200000000" Dst="2" />
<file name="home.png" server="claimroe.com//httpdocs/" local="130317139840000000" remote="131359267200000000" Dst="2" />
<file name="law.png" server="claimroe.com//httpdocs/" local="130317139920000000" remote="131359267200000000" Dst="2" />
<file name="layout.png" server="claimroe.com//httpdocs/" local="130317139980000000" remote="131359267200000000" Dst="2" />
<file name="light.png" server="claimroe.com//httpdocs/" local="130317139360000000" remote="131359267200000000" Dst="2" />
<file name="map_pin.png" server="claimroe.com//httpdocs/" local="130317139160000000" remote="131359267200000000" Dst="2" />
<file name="menu.png" server="claimroe.com//httpdocs/" local="130317140220000000" remote="131359267200000000" Dst="2" />
<file name="pencil.png" server="claimroe.com//httpdocs/" local="130317139440000000" remote="131359267200000000" Dst="2" />
<file name="phone.png" server="claimroe.com//httpdocs/" local="130317140100000000" remote="131359267200000000" Dst="2" />
<file name="photos.png" server="claimroe.com//httpdocs/" local="130317139560000000" remote="131359267200000000" Dst="2" />
<file name="security.png" server="claimroe.com//httpdocs/" local="130317138720000000" remote="131359267200000000" Dst="2" />
<file name="services.png" server="claimroe.com//httpdocs/" local="130317139500000000" remote="131359267200000000" Dst="2" />
<file name="stats.png" server="claimroe.com//httpdocs/" local="130317140160000000" remote="131359267200000000" Dst="2" />
<file name="tools.png" server="claimroe.com//httpdocs/" local="130317139220000000" remote="131359267200000000" Dst="2" />
<file name="top.png" server="claimroe.com//httpdocs/" local="130317139300000000" remote="131359267200000000" Dst="2" />
<file name="travel.png" server="claimroe.com//httpdocs/" local="130317139000000000" remote="131359267200000000" Dst="2" />
<file name="twitter.png" server="claimroe.com//httpdocs/" local="130317139080000000" remote="131359267200000000" Dst="2" />
<file name="videos.png" server="claimroe.com//httpdocs/" local="130317140040000000" remote="131359267200000000" Dst="2" />
</dwsync>