<?xml version="1.0" encoding="utf-8" ?>
<dwsync>
<file name="code.js" server="claimroe.com//httpdocs/" local="131359124818305544" remote="131359267800000000" Dst="2" />
<file name="idangerous.swiper-2.1.min.js" server="claimroe.com//httpdocs/" local="131359124818575563" remote="131359267800000000" Dst="2" />
<file name="idangerous.swiper.scrollbar-2.1.js" server="claimroe.com//httpdocs/" local="131359124818805562" remote="131359267800000000" Dst="2" />
<file name="index.js" server="claimroe.com//httpdocs/" local="131359102668666691" remote="131359267800000000" Dst="2" />
<file name="jquery.flexslider-min.js" server="claimroe.com//httpdocs/" local="131359124819305600" remote="131359267800000000" Dst="2" />
<file name="jquery.swipebox.js" server="claimroe.com//httpdocs/" local="131359124819525611" remote="131359267800000000" Dst="2" />
<file name="jquery.tabify.js" server="claimroe.com//httpdocs/" local="131359124819875631" remote="131359267800000000" Dst="2" />
<file name="jquery-1.10.1.min.js" server="claimroe.com//httpdocs/" local="131359124819025574" remote="131359267800000000" Dst="2" />
<file name="load.js" server="claimroe.com//httpdocs/" local="131359124820345649" remote="131359267800000000" Dst="2" />
<file name="jquery.validate.min.js" server="claimroe.com//httpdocs/" local="131359124820115637" remote="131359267800000000" Dst="2" />
<file name="plyr.js" server="claimroe.com//httpdocs/" local="131359124820565664" remote="131359267800000000" Dst="2" />
</dwsync>