<?xml version="1.0" encoding="utf-8" ?>
<dwsync>
<file name="digg.png" server="claimroe.com//httpdocs/" local="130312135040000000" remote="131359266600000000" Dst="2" />
<file name="facebook.png" server="claimroe.com//httpdocs/" local="130312134900000000" remote="131359266600000000" Dst="2" />
<file name="flickr.png" server="claimroe.com//httpdocs/" local="130312134780000000" remote="131359266600000000" Dst="2" />
<file name="google.png" server="claimroe.com//httpdocs/" local="130312134620000000" remote="131359266600000000" Dst="2" />
<file name="pinterest.png" server="claimroe.com//httpdocs/" local="130312133940000000" remote="131359266600000000" Dst="2" />
<file name="reddit.png" server="claimroe.com//httpdocs/" local="130312134480000000" remote="131359266600000000" Dst="2" />
<file name="twitter.png" server="claimroe.com//httpdocs/" local="130312134340000000" remote="131359266600000000" Dst="2" />
<file name="vimeo.png" server="claimroe.com//httpdocs/" local="130312134160000000" remote="131359266600000000" Dst="2" />
</dwsync>