<?xml version="1.0" encoding="utf-8" ?>
<dwsync>
<file name="bullet_checked.png" server="claimroe.com//httpdocs/" local="131359125715315461" remote="131359263600000000" Dst="2" />
<file name="bullet_cross.png" server="claimroe.com//httpdocs/" local="131359125715385459" remote="131359263600000000" Dst="2" />
<file name="bg-orange.jpg" server="claimroe.com//httpdocs/" local="131359125715215454" remote="131359263600000000" Dst="2" />
<file name="bullet_cross_big.png" server="claimroe.com//httpdocs/" local="131359125715425459" remote="131359263600000000" Dst="2" />
<file name="bullet_cross_big_close.png" server="claimroe.com//httpdocs/" local="131359125715485466" remote="131359263600000000" Dst="2" />
<file name="comments.png" server="claimroe.com//httpdocs/" local="131359125715595464" remote="131359263600000000" Dst="2" />
<file name="bullet_cross_white.png" server="claimroe.com//httpdocs/" local="131359125715525460" remote="131359263600000000" Dst="2" />
<file name="logo.png" server="claimroe.com//httpdocs/" local="131359125715625474" remote="131359263600000000" Dst="2" />
<file name="Thumbs.db" server="claimroe.com//httpdocs/" local="131359125715705475" remote="131359263600000000" Dst="2" />
<file name="toggle.png" server="claimroe.com//httpdocs/" local="131359125715755479" remote="131359263600000000" Dst="2" />
<file name="toggle_blog.png" server="claimroe.com//httpdocs/" local="131359125715815476" remote="131359263600000000" Dst="2" />
<file name="trans_black.png" server="claimroe.com//httpdocs/" local="131359125715875487" remote="131359263600000000" Dst="2" />
</dwsync>