<?xml version="1.0" encoding="utf-8" ?>
<dwsync>
<file name="code.js" server="claimroe.com//httpdocs/" local="131171702900000000" remote="131359267200000000" Dst="2" />
<file name="idangerous.swiper.scrollbar-2.1.js" server="claimroe.com//httpdocs/" local="130254655160000000" remote="131359267200000000" Dst="2" />
<file name="jquery.flexslider-min.js" server="claimroe.com//httpdocs/" local="129641150320000000" remote="131359267200000000" Dst="2" />
<file name="idangerous.swiper-2.1.min.js" server="claimroe.com//httpdocs/" local="130315822120000000" remote="131359267200000000" Dst="2" />
<file name="jquery-1.10.1.min.js" server="claimroe.com//httpdocs/" local="130254655160000000" remote="131359267200000000" Dst="2" />
<file name="jquery.tabify.js" server="claimroe.com//httpdocs/" local="129679199480000000" remote="131359267200000000" Dst="2" />
<file name="jquery.swipebox.js" server="claimroe.com//httpdocs/" local="131136968500000000" remote="131359267200000000" Dst="2" />
<file name="load.js" server="claimroe.com//httpdocs/" local="131317714140000000" remote="131359267200000000" Dst="2" />
<file name="jquery.validate.min.js" server="claimroe.com//httpdocs/" local="130333274420000000" remote="131359267200000000" Dst="2" />
<file name="plyr.js" server="claimroe.com//httpdocs/" local="131169838040000000" remote="131359267200000000" Dst="2" />
</dwsync>